{"n_layers": 11, "dropout": 0.3143379535809292, "learning_rate": 0.00459661974900585, "weight_decay": 0.00017998143379216285, "optimizer": "adam", "activation": "tanh"}